 tarih ,kursunsuz,dizel
05/01/2007,2.73,2.32
06/01/2007,2.73,2.32
09/01/2007,2.73,2.27
10/01/2007,2.73,2.27
12/01/2007,2.68,2.27
16/01/2007,2.68,2.27
17/01/2007,2.68,2.25
19/01/2007,2.63,2.25
23/01/2007,2.63,2.25
30/01/2007,2.66,2.25
01/02/2007,2.66,2.25
02/02/2007,2.66,2.25
03/02/2007,2.66,2.25
06/02/2007,2.68,2.25
07/02/2007,2.68,2.28
08/02/2007,2.68,2.28
09/02/2007,2.68,2.28
13/02/2007,2.68,2.28
20/02/2007,2.68,2.28
22/02/2007,2.68,2.28
23/02/2007,2.71,2.28
24/02/2007,2.71,2.28
27/02/2007,2.71,2.28
28/02/2007,2.78,2.28
01/03/2007,2.78,2.32
02/03/2007,2.78,2.32
03/03/2007,2.84,2.32
07/03/2007,2.85,2.32
08/03/2007,2.85,2.32
09/03/2007,2.85,2.35
10/03/2007,2.85,2.35
13/03/2007,2.85,2.35
15/03/2007,2.85,2.35
20/03/2007,2.82,2.35
21/03/2007,2.82,2.35
22/03/2007,2.82,2.33
23/03/2007,2.82,2.32
30/03/2007,2.88,2.32
31/03/2007,2.88,2.38
04/04/2007,2.88,2.38
10/04/2007,2.88,2.38
17/04/2007,2.93,2.38
18/04/2007,2.93,2.38
21/04/2007,2.93,2.38
01/05/2007,2.93,2.38
02/05/2007,2.99,2.38
03/05/2007,2.99,2.38
04/05/2007,2.99,2.38
10/05/2007,2.99,2.38
12/05/2007,2.99,2.38
02/06/2007,2.99,2.38
06/06/2007,2.96,2.38
08/06/2007,2.96,2.38
09/06/2007,2.96,2.38
14/06/2007,2.96,2.38
27/06/2007,2.96,2.38
29/06/2007,2.96,2.38
06/07/2007,2.94,2.38
07/07/2007,2.93,2.38
11/07/2007,2.93,2.38
14/07/2007,2.93,2.42
20/07/2007,2.9,2.42
24/07/2007,2.9,2.42
27/07/2007,2.85,2.39
28/07/2007,2.85,2.39
01/08/2007,2.88,2.43
02/08/2007,2.88,2.43
03/08/2007,2.88,2.43
04/08/2007,2.88,2.43
08/08/2007,2.85,2.43
09/08/2007,2.85,2.43
10/08/2007,2.85,2.39
11/08/2007,2.85,2.39
14/08/2007,2.85,2.39
15/08/2007,2.83,2.39
16/08/2007,2.83,2.39
18/08/2007,2.88,2.39
21/08/2007,2.89,2.45
25/08/2007,2.85,2.45
28/08/2007,2.85,2.41
29/08/2007,2.85,2.42
01/09/2007,2.85,2.42
06/09/2007,2.91,2.42
07/09/2007,2.9,2.42
08/09/2007,2.9,2.42
11/09/2007,2.9,2.42
12/09/2007,2.9,2.46
13/09/2007,2.85,2.46
14/09/2007,2.85,2.46
19/09/2007,2.85,2.46
03/10/2007,2.85,2.43
04/10/2007,2.81,2.43
05/10/2007,2.81,2.43
06/10/2007,2.81,2.43
09/10/2007,2.81,2.43
10/10/2007,2.81,2.4
18/10/2007,2.81,2.46
19/10/2007,2.86,2.46
20/10/2007,2.86,2.46
23/10/2007,2.86,2.46
31/10/2007,2.86,2.51
01/11/2007,2.91,2.51
03/11/2007,3.04,2.59
06/11/2007,3.05,2.64
07/11/2007,3.09,2.64
08/11/2007,3.09,2.64
09/11/2007,3.09,2.69
20/11/2007,3.09,2.69
23/11/2007,3.09,2.69
24/11/2007,3.09,2.75
27/11/2007,3.09,2.75
28/11/2007,3.09,2.75
29/11/2007,3.09,2.75
04/12/2007,3.09,2.75
05/12/2007,3.09,2.69
06/12/2007,3.05,2.69
07/12/2007,3.05,2.69
11/12/2007,3.05,2.63
20/12/2007,3.05,2.66
28/12/2007,3.05,2.66
01/01/2008,3.11,2.66
04/01/2008,3.11,2.66
05/01/2008,3.11,2.66
06/01/2008,3.11,2.66
10/01/2008,3.11,2.66
15/01/2008,3.06,2.62
17/01/2008,3.06,2.62
21/01/2008,3.06,2.62
07/02/2008,3.03,2.62
08/02/2008,3.03,2.62
13/02/2008,3.11,2.62
14/02/2008,3.11,2.72
20/02/2008,3.11,2.72
21/02/2008,3.15,2.72
22/02/2008,3.15,2.72
23/02/2008,3.15,2.72
25/02/2008,3.15,2.72
26/02/2008,3.15,2.77
28/02/2008,3.15,2.77
05/03/2008,3.15,2.77
06/03/2008,3.15,2.77
07/03/2008,3.15,2.87
11/03/2008,3.15,2.87
12/03/2008,3.15,2.93
13/03/2008,3.22,2.93
14/03/2008,3.22,2.93
18/03/2008,3.22,2.93
20/03/2008,3.22,2.93
27/03/2008,3.22,2.93
28/03/2008,3.22,2.93
01/04/2008,3.22,2.93
02/04/2008,3.29,2.93
03/04/2008,3.29,2.93
11/04/2008,3.29,3.03
12/04/2008,3.29,3.1
18/04/2008,3.37,3.1
19/04/2008,3.38,3.1
25/04/2008,3.38,3.1
29/04/2008,3.42,3.1
01/05/2008,3.42,3.1
02/05/2008,3.42,3.1
03/05/2008,3.37,3.1
07/05/2008,3.37,3.1
13/05/2008,3.37,3.1
14/05/2008,3.37,3.19
15/05/2008,3.42,3.19
22/05/2008,3.42,3.19
24/05/2008,3.42,3.32
27/05/2008,3.48,3.32
28/05/2008,3.48,3.32
29/05/2008,3.48,3.32
01/06/2008,3.48,3.32
02/06/2008,3.48,3.32
03/06/2008,3.48,3.22
04/06/2008,3.48,3.22
05/06/2008,3.48,3.22
06/06/2008,3.48,3.22
07/06/2008,3.48,3.22
12/06/2008,3.48,3.22
13/06/2008,3.48,3.31
14/06/2008,3.53,3.31
17/06/2008,3.53,3.31
18/06/2008,3.53,3.31
21/06/2008,3.53,3.24
24/06/2008,3.53,3.24
25/06/2008,3.53,3.24
27/06/2008,3.53,3.24
01/07/2008,3.55,3.25
02/07/2008,3.55,3.25
03/07/2008,3.55,3.25
04/07/2008,3.55,3.25
05/07/2008,3.55,3.38
10/07/2008,3.55,3.3
11/07/2008,3.55,3.3
18/07/2008,3.55,3.3
19/07/2008,3.47,3.3
22/07/2008,3.47,3.21
23/07/2008,3.47,3.21
24/07/2008,3.4,3.21
25/07/2008,3.4,3.21
26/07/2008,3.4,3.14
31/07/2008,3.36,3.14
02/08/2008,3.36,3.07
06/08/2008,3.36,3.07
07/08/2008,3.32,2.99
12/08/2008,3.32,2.94
14/08/2008,3.28,2.94
19/08/2008,3.28,2.94
21/08/2008,3.28,2.94
26/08/2008,3.28,2.94
28/08/2008,3.31,2.94
29/08/2008,3.31,2.94
30/08/2008,3.31,2.94
06/09/2008,3.31,2.9
10/09/2008,3.31,2.9
12/09/2008,3.31,2.9
13/09/2008,3.31,2.9
18/09/2008,3.31,2.9
19/09/2008,3.21,2.9
20/09/2008,3.21,2.9
23/09/2008,3.21,2.86
24/09/2008,3.21,2.86
26/09/2008,3.21,2.94
27/09/2008,3.26,2.94
04/10/2008,3.2,2.89
09/10/2008,3.2,2.89
11/10/2008,3.16,2.84
15/10/2008,3.16,2.84
16/10/2008,3.09,2.78
21/10/2008,3.05,2.78
24/10/2008,3.13,2.88
28/10/2008,3.13,2.88
07/11/2008,3.13,2.88
11/11/2008,3.05,2.82
14/11/2008,2.98,2.82
15/11/2008,2.98,2.82
17/11/2008,2.98,2.82
20/11/2008,2.92,2.77
21/11/2008,2.92,2.77
25/11/2008,2.92,2.77
26/11/2008,2.85,2.68
29/11/2008,2.85,2.68
03/12/2008,2.85,2.59
05/12/2008,2.78,2.59
06/12/2008,2.78,2.59
16/12/2008,2.78,2.49
17/12/2008,2.78,2.49
18/12/2008,2.78,2.49
23/12/2008,2.76,2.44
24/12/2008,2.75,2.44
25/12/2008,2.75,2.44
01/01/2009,2.72,2.39
08/01/2009,2.72,2.39
09/01/2009,2.81,2.52
10/01/2009,2.81,2.52
13/01/2009,2.81,2.52
16/01/2009,2.81,2.49
17/01/2009,2.81,2.49
20/01/2009,2.81,2.49
22/01/2009,2.87,2.49
27/01/2009,2.83,2.45
28/01/2009,2.83,2.45
30/01/2009,2.88,2.48
31/01/2009,2.88,2.48
07/02/2009,2.88,2.48
10/02/2009,2.88,2.43
13/02/2009,2.92,2.43
18/02/2009,2.92,2.43
19/02/2009,2.87,2.43
20/02/2009,2.87,2.35
21/02/2009,2.87,2.35
24/02/2009,2.83,2.35
25/02/2009,2.83,2.35
03/03/2009,2.9,2.35
11/03/2009,2.9,2.41
18/03/2009,2.9,2.39
21/03/2009,2.98,2.48
24/03/2009,2.98,2.48
25/03/2009,2.98,2.48
26/03/2009,2.98,2.48
27/03/2009,2.98,2.48
28/03/2009,3.02,2.53
01/04/2009,3.02,2.53
03/04/2009,2.97,2.47
04/04/2009,2.97,2.47
07/04/2009,2.97,2.47
08/04/2009,2.97,2.47
10/04/2009,2.97,2.47
22/04/2009,3.01,2.47
23/04/2009,3.01,2.47
30/04/2009,2.96,2.43
07/05/2009,3.03,2.43
08/05/2009,3.03,2.43
09/05/2009,3.03,2.48
13/05/2009,3.06,2.48
19/05/2009,3.12,2.48
28/05/2009,3.12,2.48
29/05/2009,3.12,2.48
30/05/2009,3.18,2.48
02/06/2009,3.18,2.54
03/06/2009,3.18,2.54
06/06/2009,3.18,2.59
09/06/2009,3.25,2.59
17/06/2009,3.21,2.55
23/06/2009,3.21,2.55
28/06/2009,3.05,2.49
30/06/2009,3.03,2.46
02/07/2009,3.02,2.46
03/07/2009,3.02,2.46
04/07/2009,2.95,2.43
07/07/2009,2.97,2.43
09/07/2009,2.96,2.39
10/07/2009,2.96,2.39
11/07/2009,2.94,2.36
14/07/2009,2.92,2.35
15/07/2009,3.15,2.53
18/07/2009,3.18,2.56
21/07/2009,3.19,2.57
23/07/2009,3.2,2.61
25/07/2009,3.24,2.61
28/07/2009,3.25,2.62
30/07/2009,3.25,2.62
01/08/2009,3.26,2.62
04/08/2009,3.29,2.62
06/08/2009,3.34,2.66
07/08/2009,3.34,2.66
08/08/2009,3.31,2.7
11/08/2009,3.32,2.69
13/08/2009,3.33,2.69
15/08/2009,3.29,2.69
18/08/2009,3.28,2.67
20/08/2009,3.26,2.66
22/08/2009,3.28,2.69
25/08/2009,3.27,2.68
27/08/2009,3.28,2.69
28/08/2009,3.28,2.69
02/09/2009,3.29,2.7
05/09/2009,3.27,2.66
09/09/2009,3.27,2.66
18/09/2009,3.28,2.66
26/09/2009,3.28,2.66
29/09/2009,3.2,2.66
02/10/2009,3.2,2.66
06/10/2009,3.22,2.66
10/10/2009,3.22,2.66
14/10/2009,3.27,2.66
16/10/2009,3.27,2.66
17/10/2009,3.27,2.72
20/10/2009,3.27,2.72
21/10/2009,3.36,2.72
23/10/2009,3.36,2.78
24/10/2009,3.36,2.78
29/10/2009,3.36,2.78
07/11/2009,3.36,2.78
13/11/2009,3.36,2.78
14/11/2009,3.36,2.78
21/11/2009,3.36,2.78
26/11/2009,3.37,2.79
05/12/2009,3.38,2.8
16/12/2009,3.38,2.76
17/12/2009,3.38,2.76
18/12/2009,3.35,2.76
23/12/2009,3.35,2.76
29/12/2009,3.41,2.76
31/12/2009,3.65,3.02
06/01/2010,3.65,3.02
12/01/2010,3.65,3.02
19/01/2010,3.65,3.02
21/01/2010,3.65,3.02
26/01/2010,3.65,2.97
30/01/2010,3.65,2.97
11/02/2010,3.65,2.97
12/02/2010,3.66,2.96
17/02/2010,3.61,2.96
23/02/2010,3.69,2.96
24/02/2010,3.69,3.03
25/02/2010,3.69,3.03
26/02/2010,3.69,3.03
06/03/2010,3.75,3.03
19/03/2010,3.75,3.08
07/04/2010,3.75,3.08
15/04/2010,3.75,3.08
16/04/2010,3.75,3.08
05/05/2010,3.75,3.08
06/05/2010,3.75,3.12
12/05/2010,3.75,3.06
21/05/2010,3.65,3.06
22/05/2010,3.65,3.06
25/05/2010,3.65,2.99
29/05/2010,3.65,3
03/06/2010,3.65,3
04/06/2010,3.65,3.05
08/06/2010,3.65,3.05
16/06/2010,3.68,3.05
24/06/2010,3.68,3.1
25/06/2010,3.68,3.1
03/07/2010,3.68,3.01
08/07/2010,3.68,3.01
09/07/2010,3.65,3.01
10/07/2010,3.66,3.01
13/07/2010,3.66,3.01
17/07/2010,3.66,3.01
28/07/2010,3.66,3.01
04/08/2010,3.66,3.01
06/08/2010,3.66,3.08
07/08/2010,3.66,3.09
14/08/2010,3.66,3.04
18/08/2010,3.66,3.04
20/08/2010,3.6,3.04
24/08/2010,3.6,3.01
04/09/2010,3.64,3.01
14/09/2010,3.64,3.06
16/09/2010,3.65,3.06
18/09/2010,3.65,3.06
09/10/2010,3.7,3.06
11/11/2010,3.7,3.13
12/11/2010,3.7,3.13
13/11/2010,3.7,3.13
23/11/2010,3.7,3.13
24/11/2010,3.7,3.08
27/11/2010,3.78,3.17
08/12/2010,3.85,3.24
10/12/2010,3.85,3.24
15/12/2010,3.82,3.24
18/12/2010,3.82,3.24
21/12/2010,3.82,3.24
23/12/2010,3.82,3.31
28/12/2010,3.88,3.31
30/12/2010,3.88,3.31
08/01/2011,3.88,3.31
13/01/2011,3.96,3.31
14/01/2011,3.96,3.31
15/01/2011,3.96,3.37
29/01/2011,3.96,3.37
01/02/2011,3.95,3.32
03/02/2011,3.95,3.4
17/02/2011,3.95,3.4
22/02/2011,3.95,3.4
23/02/2011,4.04,3.4
25/02/2011,4.03,3.49
01/03/2011,4.08,3.49
04/03/2011,4.08,3.61
08/03/2011,4.16,3.61
09/03/2011,4.16,3.61
16/03/2011,4.16,3.61
17/03/2011,4.04,3.61
22/03/2011,4.04,3.61
29/03/2011,4.13,3.56
07/04/2011,4.13,3.56
19/04/2011,4.2,3.56
20/04/2011,4.2,3.56
03/05/2011,4.29,3.56
05/05/2011,4.29,3.56
10/05/2011,4.19,3.48
11/05/2011,4.19,3.48
18/05/2011,4.19,3.48
24/05/2011,4.15,3.48
28/05/2011,4.23,3.58
04/06/2011,4.23,3.58
09/06/2011,4.17,3.58
16/06/2011,4.17,3.58
25/06/2011,4.17,3.58
29/06/2011,4.17,3.5
30/06/2011,4.17,3.5
05/07/2011,4.17,3.5
06/07/2011,4.17,3.54
08/07/2011,4.23,3.54
12/07/2011,4.23,3.64
15/07/2011,4.33,3.64
23/07/2011,4.33,3.72
26/07/2011,4.33,3.72
11/08/2011,4.33,3.65
19/08/2011,4.33,3.72
20/08/2011,4.33,3.72
06/09/2011,4.42,3.72
15/09/2011,4.32,3.72
07/10/2011,4.27,3.72
14/10/2011,4.34,3.72
18/10/2011,4.34,3.85
19/10/2011,4.35,3.86
20/10/2011,4.35,3.86
22/10/2011,4.35,3.86
25/10/2011,4.35,3.86
26/10/2011,4.33,3.85
01/11/2011,4.25,3.77
02/11/2011,4.25,3.77
03/11/2011,4.25,3.77
11/11/2011,4.25,3.77
12/11/2011,4.25,3.77
16/11/2011,4.25,3.85
24/11/2011,4.25,3.85
25/11/2011,4.21,3.85
30/11/2011,4.21,3.85
03/12/2011,4.21,3.85
13/12/2011,4.21,3.85
14/12/2011,4.21,3.85
16/12/2011,4.21,3.79
24/12/2011,4.31,3.8
28/12/2011,4.31,3.8
01/01/2012,4.31,3.8
03/01/2012,4.31,3.8
07/01/2012,4.31,3.8
10/01/2012,4.31,3.88
11/01/2012,4.36,3.88
20/01/2012,4.36,3.88
21/01/2012,4.36,3.8
26/01/2012,4.36,3.8
21/02/2012,4.43,3.8
24/02/2012,4.43,3.89
28/02/2012,4.43,3.89
07/03/2012,4.43,3.89
09/03/2012,4.53,3.89
10/03/2012,4.53,3.89
15/03/2012,4.53,4
20/03/2012,4.61,4
21/03/2012,4.61,4
29/03/2012,4.69,4
04/04/2012,4.69,4
11/04/2012,4.69,3.94
21/04/2012,4.57,3.94
03/05/2012,4.47,3.94
08/05/2012,4.35,3.81
09/05/2012,4.35,3.81
18/05/2012,4.33,3.8
26/05/2012,4.33,3.8
01/06/2012,4.33,3.85
05/06/2012,4.33,3.75
06/06/2012,4.33,3.75
07/06/2012,4.25,3.75
08/06/2012,4.25,3.75
12/06/2012,4.25,3.75
15/06/2012,4.2,3.75
16/06/2012,4.2,3.75
18/06/2012,4.2,3.75
22/06/2012,4.2,3.68
23/06/2012,4.2,3.68
27/06/2012,4.17,3.68
04/07/2012,4.17,3.68
06/07/2012,4.29,3.68
07/07/2012,4.29,3.78
11/07/2012,4.29,3.78
21/07/2012,4.29,3.88
24/07/2012,4.29,3.88
31/07/2012,4.29,3.85
01/08/2012,4.37,3.85
11/08/2012,4.46,3.85
15/08/2012,4.46,3.93
17/08/2012,4.46,3.93
23/08/2012,4.57,3.93
24/08/2012,4.57,3.99
28/08/2012,4.57,3.99
04/09/2012,4.57,3.99
06/09/2012,4.57,3.99
19/09/2012,4.47,3.99
22/09/2012,4.73,4.35
28/09/2012,4.73,4.35
29/09/2012,4.81,4.35
12/10/2012,4.81,4.35
13/10/2012,4.89,4.35
17/10/2012,4.76,4.35
23/10/2012,4.76,4.35
24/10/2012,4.67,4.35
31/10/2012,4.67,4.27
01/11/2012,4.59,4.27
07/11/2012,4.59,4.19
10/11/2012,4.59,4.19
20/11/2012,4.59,4.19
21/11/2012,4.59,4.19
24/11/2012,4.59,4.26
11/12/2012,4.59,4.18
22/12/2012,4.65,4.18
05/01/2013,4.65,4.23
10/01/2013,4.65,4.23
23/01/2013,4.65,4.23
24/01/2013,4.74,4.23
01/02/2013,4.84,4.23
06/02/2013,4.84,4.3
08/02/2013,4.84,4.3
09/02/2013,4.84,4.3
26/02/2013,4.84,4.3
06/03/2013,4.74,4.3
09/03/2013,4.74,4.25
20/03/2013,4.74,4.25
22/03/2013,4.74,4.25
02/04/2013,4.74,4.27
09/04/2013,4.63,4.17
10/04/2013,4.63,4.17
13/04/2013,4.63,4.17
18/04/2013,4.56,4.08
23/04/2013,4.56,4.08
07/05/2013,4.56,4.08
10/05/2013,4.56,4.15
15/05/2013,4.62,4.15
18/05/2013,4.62,4.15
22/05/2013,4.72,4.15
23/05/2013,4.72,4.22
05/06/2013,4.72,4.22
11/06/2013,4.72,4.22
21/06/2013,4.72,4.3
22/06/2013,4.72,4.3
09/07/2013,4.83,4.3
11/07/2013,4.83,4.38
16/07/2013,4.83,4.38
17/07/2013,4.92,4.38
01/08/2013,4.85,4.38
07/08/2013,4.81,4.35
22/08/2013,4.81,4.43
23/08/2013,4.92,4.43
29/08/2013,4.92,4.43
30/08/2013,5.07,4.6
04/09/2013,4.95,4.6
11/09/2013,4.95,4.6
14/09/2013,4.82,4.6
17/09/2013,4.83,4.54
20/09/2013,4.83,4.45
21/09/2013,4.83,4.45
25/09/2013,4.75,4.45
01/10/2013,4.87,4.45
03/10/2013,4.79,4.45
11/10/2013,4.79,4.45
16/11/2013,4.79,4.45
28/11/2013,4.79,4.45
05/12/2013,4.79,4.45
06/12/2013,4.89,4.45
07/12/2013,4.89,4.53
10/12/2013,4.89,4.53
11/12/2013,4.89,4.54
14/12/2013,4.89,4.54
17/12/2013,4.82,4.54
25/12/2013,4.95,4.54
26/12/2013,4.95,4.54
27/12/2013,4.95,4.54
01/01/2014,4.95,4.63
07/01/2014,4.95,4.63
08/01/2014,4.95,4.65
11/01/2014,4.95,4.65
17/01/2014,4.95,4.66
25/01/2014,5.07,4.66
28/01/2014,5.07,4.66
29/01/2014,5.07,4.79
30/01/2014,5.07,4.73
05/02/2014,5.07,4.74
13/02/2014,5.08,4.75
14/02/2014,5.08,4.75
15/02/2014,5.08,4.75
27/02/2014,5.08,4.75
18/03/2014,5.08,4.7
20/03/2014,5.08,4.65
21/03/2014,5.08,4.64
22/03/2014,5.04,4.4
26/03/2014,5.07,4.42
29/03/2014,5.05,4.38
02/04/2014,5,4.34
03/04/2014,5,4.34
05/04/2014,4.96,4.3
08/04/2014,4.96,4.3
09/04/2014,4.97,4.28
12/04/2014,4.99,4.29
16/04/2014,5.04,4.33
19/04/2014,5.05,4.35
23/04/2014,5.05,4.36
26/04/2014,5.07,4.37
30/04/2014,5.02,4.33
01/05/2014,5.02,4.33
03/05/2014,4.97,4.28
07/05/2014,4.96,4.28
10/05/2014,4.9,4.26
14/05/2014,4.91,4.26
17/05/2014,4.94,4.28
21/05/2014,4.98,4.3
22/05/2014,5.02,4.35
24/05/2014,5.02,4.35
28/05/2014,5.02,4.37
31/05/2014,5.02,4.37
07/06/2014,5.02,4.38
19/06/2014,5.02,4.38
20/06/2014,5.12,4.5
24/06/2014,5.12,4.5
26/06/2014,5.12,4.48
09/07/2014,5.12,4.41
11/07/2014,5.12,4.41
15/07/2014,5.12,4.42
16/07/2014,5.12,4.42
17/07/2014,5.03,4.42
18/07/2014,5.03,4.42
01/08/2014,4.98,4.42
15/08/2014,4.98,4.43
09/09/2014,4.98,4.36
13/09/2014,4.9,4.36
09/10/2014,4.9,4.36
11/10/2014,4.9,4.27
14/10/2014,4.9,4.27
15/10/2014,4.79,4.27
17/10/2014,4.71,4.27
22/10/2014,4.71,4.19
23/10/2014,4.71,4.2
08/11/2014,4.71,4.2
18/11/2014,4.59,4.2
19/11/2014,4.59,4.1
26/11/2014,4.57,4.07
29/11/2014,4.44,3.92
02/12/2014,4.44,3.92
06/12/2014,4.44,3.92
09/12/2014,4.38,3.92
10/12/2014,4.38,3.92
12/12/2014,4.3,3.82
17/12/2014,4.25,3.82
18/12/2014,4.25,3.82
19/12/2014,4.25,3.82
23/12/2014,4.25,3.82
25/12/2014,4.25,3.78
26/12/2014,4.25,3.78
30/12/2014,4.25,3.78
01/01/2015,4.25,3.78
03/01/2015,4.16,3.68
06/01/2015,4.19,3.69
07/01/2015,4.14,3.69
08/01/2015,4.14,3.69
09/01/2015,4.14,3.62
13/01/2015,4.14,3.62
14/01/2015,4.08,3.62
15/01/2015,4.05,3.53
16/01/2015,4.05,3.53
17/01/2015,4.05,3.53
20/01/2015,4.1,3.59
21/01/2015,4.1,3.59
30/01/2015,4.17,3.59
31/01/2015,4.17,3.59
03/02/2015,4.17,3.65
04/02/2015,4.31,3.74
05/02/2015,4.31,3.74
06/02/2015,4.31,3.74
07/02/2015,4.31,3.74
10/02/2015,4.3,3.83
11/02/2015,4.41,3.89
13/02/2015,4.36,3.89
14/02/2015,4.36,3.89
17/02/2015,4.43,3.89
21/02/2015,4.33,3.78
24/02/2015,4.33,3.78
03/03/2015,4.45,3.78
04/03/2015,4.45,3.83
05/03/2015,4.45,3.83
14/03/2015,4.45,3.83
18/03/2015,4.45,3.72
19/03/2015,4.36,3.72
27/03/2015,4.42,3.72
28/03/2015,4.42,3.72
31/03/2015,4.46,3.72
01/04/2015,4.46,3.72
02/04/2015,4.39,3.72
03/04/2015,4.39,3.76
04/04/2015,4.39,3.76
16/04/2015,4.5,3.76
17/04/2015,4.57,3.9
21/04/2015,4.64,3.96
22/04/2015,4.62,3.96
29/04/2015,4.72,4.04
01/05/2015,4.72,4.04
05/05/2015,4.72,4.05
09/05/2015,4.72,4.05
12/05/2015,4.72,4.06
21/05/2015,4.72,4.06
22/05/2015,4.66,4.06
23/05/2015,4.66,4.06
26/05/2015,4.66,4.01
27/05/2015,4.66,4.01
10/06/2015,4.81,4.01
11/06/2015,4.82,4.01
13/06/2015,4.89,4.01
16/06/2015,4.89,4.01
23/06/2015,4.89,4.02
24/06/2015,4.75,4.02
30/06/2015,4.75,4.02
02/07/2015,4.75,4.02
08/07/2015,4.75,4.02
09/07/2015,4.75,3.85
11/07/2015,4.75,3.85
21/07/2015,4.64,3.85
23/07/2015,4.64,3.85
31/07/2015,4.64,3.85
05/08/2015,4.64,3.85
06/08/2015,4.55,3.85
08/08/2015,4.55,3.77
11/08/2015,4.55,3.78
15/08/2015,4.55,3.78
20/08/2015,4.55,3.84
22/08/2015,4.55,3.84
25/08/2015,4.55,3.84
26/08/2015,4.4,3.84
27/08/2015,4.4,3.75
28/08/2015,4.35,3.75
29/08/2015,4.4,3.75
01/09/2015,4.48,3.89
03/09/2015,4.48,3.89
10/09/2015,4.54,3.89
11/09/2015,4.54,3.92
17/09/2015,4.45,3.92
18/09/2015,4.5,3.92
19/09/2015,4.5,3.92
22/09/2015,4.5,3.92
30/09/2015,4.5,3.92
07/10/2015,4.5,3.92
08/10/2015,4.5,3.92
15/10/2015,4.5,3.8
16/10/2015,4.41,3.8
17/10/2015,4.36,3.8
20/10/2015,4.36,3.8
21/10/2015,4.36,3.8
22/10/2015,4.36,3.8
28/10/2015,4.36,3.75
05/11/2015,4.36,3.75
10/11/2015,4.36,3.75
14/11/2015,4.36,3.75
18/11/2015,4.27,3.75
19/11/2015,4.27,3.7
25/11/2015,4.27,3.7
26/11/2015,4.39,3.7
04/12/2015,4.39,3.7
05/12/2015,4.39,3.62
08/12/2015,4.31,3.62
09/12/2015,4.27,3.62
11/12/2015,4.27,3.55
15/12/2015,4.27,3.48
16/12/2015,4.27,3.48
17/12/2015,4.27,3.48
18/12/2015,4.27,3.48
22/12/2015,4.27,3.48
23/12/2015,4.27,3.48
26/12/2015,4.27,3.48
06/01/2016,4.27,3.48
08/01/2016,4.27,3.48
12/01/2016,4.27,3.39
13/01/2016,4.27,3.39
14/01/2016,4.21,3.39
15/01/2016,4.21,3.34
20/01/2016,4.21,3.34
21/01/2016,4.21,3.34
22/01/2016,4.21,3.24
23/01/2016,4.21,3.28
26/01/2016,4.21,3.35
30/01/2016,4.21,3.36
02/02/2016,4.21,3.42
04/02/2016,4.21,3.37
05/02/2016,4.21,3.41
06/02/2016,4.14,3.41
09/02/2016,4.14,3.41
10/02/2016,4.08,3.41
11/02/2016,4.01,3.41
12/02/2016,4.01,3.41
13/02/2016,4.01,3.34
16/02/2016,4.01,3.41
17/02/2016,4.09,3.41
18/02/2016,4.05,3.41
19/02/2016,4.09,3.41
23/02/2016,4.04,3.41
24/02/2016,4.09,3.41
25/02/2016,4.03,3.41
27/02/2016,4.09,3.41
01/03/2016,4.14,3.41
03/03/2016,4.14,3.41
04/03/2016,4.14,3.48
09/03/2016,4.14,3.48
10/03/2016,4.22,3.56
11/03/2016,4.28,3.56
12/03/2016,4.24,3.56
15/03/2016,4.3,3.56
22/03/2016,4.3,3.58
24/03/2016,4.3,3.58
26/03/2016,4.3,3.58
29/03/2016,4.3,3.58
31/03/2016,4.3,3.5
06/04/2016,4.3,3.5
07/04/2016,4.3,3.5
08/04/2016,4.3,3.46
09/04/2016,4.27,3.46
12/04/2016,4.34,3.54
13/04/2016,4.34,3.54
15/04/2016,4.4,3.6
20/04/2016,4.33,3.6
21/04/2016,4.33,3.6
26/04/2016,4.33,3.6
27/04/2016,4.39,3.66
29/04/2016,4.39,3.66
03/05/2016,4.39,3.66
13/05/2016,4.39,3.77
17/05/2016,4.5,3.77
18/05/2016,4.55,3.77
21/05/2016,4.55,3.84
24/05/2016,4.55,3.84
28/05/2016,4.55,3.84
08/06/2016,4.55,3.84
09/06/2016,4.46,3.84
11/06/2016,4.46,3.84
14/06/2016,4.46,3.84
18/06/2016,4.46,3.84
21/06/2016,4.46,3.84
22/06/2016,4.46,3.84
28/06/2016,4.47,3.84
29/06/2016,4.43,3.84
02/07/2016,4.43,3.84
09/07/2016,4.3,3.76
13/07/2016,4.3,3.76
22/07/2016,4.36,3.76
23/07/2016,4.36,3.76
26/07/2016,4.36,3.76
27/07/2016,4.36,3.76
29/07/2016,4.36,3.76
30/07/2016,4.3,3.66
02/08/2016,4.3,3.66
03/08/2016,4.3,3.66
04/08/2016,4.3,3.61
06/08/2016,4.3,3.65
11/08/2016,4.35,3.65
13/08/2016,4.35,3.73
16/08/2016,4.35,3.73
17/08/2016,4.35,3.73
18/08/2016,4.35,3.8
19/08/2016,4.44,3.8
20/08/2016,4.44,3.8
06/09/2016,4.44,3.8
08/09/2016,4.63,3.98
09/09/2016,4.63,3.98
10/09/2016,4.75,4.05
17/09/2016,4.69,4.05
21/09/2016,4.69,4.05
04/10/2016,4.69,4.05
05/10/2016,4.69,4.05
06/10/2016,4.84,4.17
07/10/2016,4.84,4.17
08/10/2016,4.84,4.17
12/10/2016,4.84,4.24
02/11/2016,4.84,4.24
03/11/2016,4.84,4.14
05/11/2016,4.76,4.14
08/11/2016,4.76,4.09
18/11/2016,4.76,4.18
19/11/2016,4.76,4.18
22/11/2016,4.76,4.18
23/11/2016,4.92,4.29
02/12/2016,4.92,4.3
03/12/2016,4.92,4.3
06/12/2016,5.07,4.46
07/12/2016,5.07,4.46
10/12/2016,5.07,4.46
13/12/2016,5.07,4.46
14/12/2016,5.07,4.46
23/12/2016,5.17,4.46
26/12/2016,5.17,4.46
31/12/2016,5.17,4.58
03/01/2017,5.17,4.58
07/01/2017,5.17,4.58
11/01/2017,5.24,4.58
12/01/2017,5.24,4.58
13/01/2017,5.24,4.58
14/01/2017,5.39,4.71
26/01/2017,5.39,4.65
28/01/2017,5.39,4.65
31/01/2017,5.39,4.65
02/02/2017,5.39,4.65
10/02/2017,5.33,4.65
18/02/2017,5.33,4.65
24/02/2017,5.22,4.65
02/03/2017,5.22,4.59
15/03/2017,5.14,4.59
17/03/2017,5.14,4.51
24/03/2017,5.14,4.51
25/03/2017,5.14,4.45
28/03/2017,5.14,4.45
01/04/2017,5.14,4.45
05/04/2017,5.26,4.54
08/04/2017,5.26,4.63
11/04/2017,5.36,4.63
25/04/2017,5.36,4.63
26/04/2017,5.22,4.63
27/04/2017,5.22,4.5
03/05/2017,5.13,4.5
05/05/2017,5.06,4.4
17/05/2017,5.06,4.4
18/05/2017,5.12,4.47
19/05/2017,5.12,4.47
23/05/2017,5.12,4.56
24/05/2017,5.21,4.56
25/05/2017,5.21,4.56
02/06/2017,5.09,4.42
03/06/2017,5.09,4.42
07/06/2017,5.09,4.42
09/06/2017,5.09,4.42
10/06/2017,5.09,4.34
13/06/2017,5.02,4.34
17/06/2017,4.94,4.34
05/07/2017,5.07,4.34
06/07/2017,5.07,4.45
12/07/2017,5.07,4.45
17/07/2017,5.07,4.45
27/07/2017,5.07,4.45
01/08/2017,5.18,4.57
22/08/2017,5.18,4.5
06/09/2017,5.27,4.57
08/09/2017,5.27,4.63
27/09/2017,5.27,4.76
17/10/2017,5.27,4.76
26/10/2017,5.36,4.76
28/10/2017,5.36,4.76
31/10/2017,5.48,4.94
07/11/2017,5.48,4.94
08/11/2017,5.48,4.94
09/11/2017,5.61,4.94
10/11/2017,5.61,4.94
11/11/2017,5.61,5.05
21/11/2017,5.61,5.05
22/11/2017,5.55,5.05
24/11/2017,5.63,5.05
08/12/2017,5.49,5.05
09/12/2017,5.49,5.05
14/12/2017,5.57,5.05
22/12/2017,5.57,5.05
01/01/2018,5.57,5.05
06/01/2018,5.57,5.14
09/01/2018,5.57,5.14
12/01/2018,5.57,5.14
16/01/2018,5.66,5.14
25/01/2018,5.78,5.14
09/02/2018,5.63,5.14
10/02/2018,5.63,5.14
14/02/2018,5.53,4.98
24/02/2018,5.53,5.11
28/02/2018,5.64,5.11
14/03/2018,5.64,5.11
21/03/2018,5.79,5.11
22/03/2018,5.79,5.11
23/03/2018,5.79,5.29
27/03/2018,5.92,5.29
28/03/2018,5.92,5.29
29/03/2018,5.92,5.29
12/04/2018,5.92,5.47
13/04/2018,5.92,5.6
14/04/2018,6.08,5.6
14/04/2018,6.08,5.6
08/05/2018,6.08,5.6
09/05/2018,6.06,5.5
10/05/2018,6.06,5.53
11/05/2018,6.06,5.53
12/05/2018,6.06,5.53
15/05/2018,6.24,5.69
17/05/2018,6.24,5.69
22/05/2018,6.24,5.69
25/05/2018,6.24,5.69
26/05/2018,6.24,5.69
29/05/2018,6.24,5.69
30/05/2018,6.24,5.69
31/05/2018,6.24,5.69
02/06/2018,6.24,5.69
03/07/2018,6.24,5.69
17/07/2018,6.24,5.69
18/07/2018,6.24,5.69
31/07/2018,6.24,5.69
01/08/2018,6.24,5.69
10/08/2018,6.24,5.69
14/08/2018,6.24,5.69
15/08/2018,6.24,5.69
16/08/2018,6.83,6.23
17/08/2018,6.83,6.23
18/08/2018,6.85,6.26
28/08/2018,6.85,6.26
29/08/2018,6.87,6.28
01/09/2018,6.87,6.28
04/09/2018,6.87,6.28
05/09/2018,6.88,6.3
13/09/2018,6.88,6.3
18/09/2018,6.88,6.3
19/09/2018,6.88,6.3
26/09/2018,6.89,6.32
27/09/2018,6.89,6.32
03/10/2018,6.9,6.34
04/10/2018,6.9,6.34
06/10/2018,6.9,6.34
09/10/2018,6.9,6.34
12/10/2018,6.92,6.36
16/10/2018,6.92,6.36
17/10/2018,6.92,6.36
18/10/2018,6.92,6.36
19/10/2018,6.92,6.36
20/10/2018,6.92,6.36
24/10/2018,6.93,6.37
25/10/2018,6.93,6.37
27/10/2018,6.93,6.37
31/10/2018,6.93,6.37
01/11/2018,6.93,6.37
02/11/2018,6.95,6.39
03/11/2018,6.78,6.39
06/11/2018,6.78,6.39
07/11/2018,6.78,6.39
08/11/2018,6.58,6.39
09/11/2018,6.58,6.39
10/11/2018,6.58,6.39
17/11/2018,6.58,6.39
20/11/2018,6.39,6.39
22/11/2018,6.39,6.39
23/11/2018,6.39,6.26
24/11/2018,6.24,6.26
27/11/2018,6.09,6.03
28/11/2018,6.09,6.04
05/12/2018,6.09,5.96
06/12/2018,6.09,5.96
20/12/2018,6.09,5.96
21/12/2018,6.09,5.96
22/12/2018,6.09,5.96
25/12/2018,5.82,5.68
01/01/2019,5.82,5.68
03/01/2019,5.82,5.68
04/01/2019,5.82,5.68
08/01/2019,5.82,5.68
09/01/2019,5.99,5.86
10/01/2019,5.99,5.86
11/01/2019,5.99,5.86
15/01/2019,6.15,6.06
26/01/2019,6.15,6.06
30/01/2019,5.98,6.06
05/02/2019,6.04,6.06
14/02/2019,6.04,6.06
19/02/2019,6.32,6.06
20/02/2019,6.32,6.06
26/02/2019,6.49,6.34
27/02/2019,6.38,6.34
12/03/2019,6.53,6.34
19/03/2019,6.66,6.34
27/03/2019,6.66,6.34
29/03/2019,6.66,6.34
02/04/2019,6.66,6.34
03/04/2019,6.85,6.34
10/04/2019,6.99,6.41
12/04/2019,6.99,6.41
16/04/2019,6.99,6.42
20/04/2019,6.99,6.44
25/04/2019,6.99,6.44
30/04/2019,6.99,6.44
03/05/2019,6.99,6.45
07/05/2019,6.99,6.45
11/05/2019,7.01,6.45
15/05/2019,7.01,6.45
17/05/2019,7.01,6.45
18/05/2019,6.99,6.45
22/05/2019,6.99,6.45
25/05/2019,6.99,6.45
29/05/2019,6.99,6.45
30/05/2019,6.99,6.45
01/06/2019,6.99,6.45
04/06/2019,6.9,6.45
08/06/2019,6.73,6.24
18/06/2019,6.73,6.24
20/06/2019,6.73,6.24
25/06/2019,6.73,6.46
27/06/2019,6.73,6.46
28/06/2019,6.73,6.48
02/07/2019,7,6.48
05/07/2019,6.89,6.48
09/07/2019,6.89,6.33
10/07/2019,6.89,6.33
13/07/2019,6.89,6.33
17/07/2019,7,6.48
19/07/2019,7,6.49
20/07/2019,6.89,6.49
23/07/2019,6.91,6.37
25/07/2019,6.91,6.37
31/07/2019,6.91,6.37
07/08/2019,6.91,6.37
08/08/2019,6.63,6.37
09/08/2019,6.45,6.03
10/08/2019,6.46,6.04
16/08/2019,6.46,6.04
17/08/2019,6.46,6.04
20/08/2019,6.53,6.22
22/08/2019,6.53,6.22
23/08/2019,6.53,6.22
27/08/2019,6.7,6.33
03/09/2019,6.7,6.33
04/09/2019,6.7,6.33
07/09/2019,6.7,6.33
13/09/2019,6.7,6.33
17/09/2019,6.7,6.4
18/09/2019,7.06,6.53
20/09/2019,7.06,6.53
26/09/2019,7.06,6.53
27/09/2019,6.81,6.53
01/10/2019,6.81,6.53
02/10/2019,6.81,6.53
03/10/2019,6.81,6.46
04/10/2019,6.81,6.46
05/10/2019,6.81,6.46
10/10/2019,6.81,6.46
12/10/2019,6.81,6.46
16/10/2019,6.81,6.46
22/10/2019,6.81,6.53
23/10/2019,6.81,6.53
24/10/2019,6.81,6.53
26/10/2019,6.81,6.53
01/11/2019,6.81,6.54
08/11/2019,6.81,6.54
16/11/2019,6.81,6.54
19/11/2019,6.81,6.54
20/11/2019,6.81,6.54
26/11/2019,6.81,6.49
28/11/2019,6.81,6.49
03/12/2019,6.81,6.49
04/12/2019,6.81,6.49
06/12/2019,6.81,6.49
07/12/2019,6.81,6.49
10/12/2019,6.81,6.49
12/12/2019,6.81,6.49
13/12/2019,6.81,6.49
18/12/2019,6.81,6.49
19/12/2019,6.81,6.49
20/12/2019,6.81,6.49
21/12/2019,6.81,6.49
24/12/2019,6.98,6.56
01/01/2020,6.98,6.56
04/01/2020,6.99,6.57
08/01/2020,6.99,6.57
15/01/2020,6.99,6.57
16/01/2020,6.99,6.57
17/01/2020,6.99,6.57
18/01/2020,6.99,6.57
25/01/2020,6.99,6.58
28/01/2020,6.76,6.37
29/01/2020,6.66,6.37
31/01/2020,6.66,6.37
01/02/2020,6.66,6.37
03/02/2020,6.66,6.37
04/02/2020,6.66,6.37
05/02/2020,6.66,6.37
06/02/2020,6.66,6.37
07/02/2020,6.66,6.37
17/02/2020,6.66,6.37
24/02/2020,6.83,6.37
25/02/2020,6.73,6.37
26/02/2020,6.73,6.37
28/02/2020,6.57,6.24
02/03/2020,6.57,6.24
03/03/2020,6.57,6.24
04/03/2020,6.57,6.24
09/03/2020,6.57,6.24
10/03/2020,5.98,5.69
11/03/2020,5.98,5.69
12/03/2020,5.98,5.69
13/03/2020,5.48,5.7
16/03/2020,5.55,5.7
17/03/2020,5.3,5.7
18/03/2020,5.3,5.43
19/03/2020,5.15,5.24
20/03/2020,5.19,5.35
23/03/2020,5.19,5.35
24/03/2020,4.97,5.36
25/03/2020,5.04,5.36
26/03/2020,5.04,5.36
27/03/2020,5.17,5.36
30/03/2020,5.08,5.42
31/03/2020,4.98,5.34
01/04/2020,5.06,5.34
02/04/2020,4.92,5.34
03/04/2020,5.12,5.34
06/04/2020,5.27,5.34
07/04/2020,5.22,5.34
08/04/2020,5.22,5.49
09/04/2020,5.09,5.41
10/04/2020,5.1,5.34
16/04/2020,5.1,5.13
17/04/2020,5.25,5.23
20/04/2020,5.2,5.23
21/04/2020,5.13,5.24
22/04/2020,4.83,4.83
24/04/2020,5.12,4.83
27/04/2020,5.03,4.83
28/04/2020,5.03,4.83
29/04/2020,5.03,4.83
30/04/2020,5.19,4.83
04/05/2020,5.26,5
05/05/2020,5.31,5
06/05/2020,5.51,5.27
07/05/2020,5.51,5.2
08/05/2020,5.66,5.33
12/05/2020,5.66,5.33
13/05/2020,5.47,5.33
14/05/2020,5.4,5.21
15/05/2020,5.49,5.32
18/05/2020,5.63,5.4
20/05/2020,5.83,5.52
27/05/2020,5.83,5.52
28/05/2020,5.83,5.51
29/05/2020,5.83,5.51
01/06/2020,5.83,5.51
02/06/2020,5.83,5.51
03/06/2020,5.78,5.37
04/06/2020,5.75,5.37
08/06/2020,6.09,5.69
16/06/2020,6.09,5.69
17/06/2020,6.09,5.69
19/06/2020,6.09,5.69
22/06/2020,6.33,5.92
23/06/2020,6.36,5.92
24/06/2020,6.48,5.92
25/06/2020,6.26,5.92
26/06/2020,6.26,5.92
29/06/2020,6.14,5.75
01/07/2020,6.25,5.85
06/07/2020,6.25,5.95
07/07/2020,6.35,5.95
08/07/2020,6.35,5.95
22/07/2020,6.35,5.95
28/07/2020,6.36,5.95
07/08/2020,6.36,6.11
11/08/2020,6.59,6.11
17/08/2020,6.6,6.12
19/08/2020,6.6,6.12
24/08/2020,6.6,6.13
25/08/2020,6.6,6.13
26/08/2020,6.81,6.13
28/08/2020,6.66,6.13
03/09/2020,6.66,6.13
04/09/2020,6.67,6.13
07/09/2020,6.67,5.92
08/09/2020,6.67,5.93
09/09/2020,6.67,5.76
14/09/2020,6.56,5.76
16/09/2020,6.57,5.77
17/09/2020,6.57,5.77
18/09/2020,6.85,6.02
21/09/2020,6.85,6.02
22/09/2020,6.66,6.02
23/09/2020,6.66,5.91
29/09/2020,6.66,5.91
30/09/2020,6.8,5.91
02/10/2020,6.65,5.91
05/10/2020,6.65,5.91
06/10/2020,6.65,5.91
07/10/2020,6.81,6.14
15/10/2020,6.81,6.14
23/10/2020,6.69,6.14
27/10/2020,6.71,6.16
30/10/2020,6.71,6.16
02/11/2020,6.55,6.04
03/11/2020,6.55,6.04
04/11/2020,6.72,6.2
05/11/2020,6.72,6.3
06/11/2020,6.73,6.31
11/11/2020,6.92,6.31
12/11/2020,6.93,6.31
16/11/2020,6.61,6.31
18/11/2020,6.61,6.31
19/11/2020,6.62,6.3
24/11/2020,6.62,6.31
25/11/2020,6.99,6.31
26/11/2020,6.99,6.59
30/11/2020,7,6.6
01/12/2020,7,6.6
09/12/2020,7,6.6
14/12/2020,7.17,6.6
15/12/2020,7.18,6.61
16/12/2020,7.18,6.61
28/12/2020,7.18,6.61
31/12/2020,7.18,6.61
04/01/2021,7.18,6.61
05/01/2021,7.12,6.62
06/01/2021,7.19,6.62
11/01/2021,7.19,6.62
12/01/2021,7.19,6.62
13/01/2021,7.19,6.62
25/01/2021,7.19,6.62
27/01/2021,7.19,6.62
05/02/2021,7.19,6.62
09/02/2021,7.21,6.63
10/02/2021,7.21,6.63
11/02/2021,7.21,6.63
15/02/2021,7.21,6.63
17/02/2021,7.21,6.64
19/02/2021,7.21,6.64
24/02/2021,7.21,6.64
25/02/2021,7.21,6.64
26/02/2021,7.23,6.66
01/03/2021,7.23,6.66
08/03/2021,7.23,6.66
09/03/2021,7.23,6.66
10/03/2021,7.23,6.66
12/03/2021,7.23,6.66
17/03/2021,7.07,6.45
18/03/2021,7.07,6.45
22/03/2021,7.07,6.45
23/03/2021,7.07,6.45
24/03/2021,7.07,6.45
25/03/2021,7.07,6.45
26/03/2021,7.07,6.45
29/03/2021,7.07,6.45
31/03/2021,7.07,6.45
08/04/2021,7.07,6.45
16/04/2021,7.07,6.45
19/04/2021,7.07,6.45
20/04/2021,7.07,6.45
03/05/2021,7.07,6.45
04/05/2021,7.07,6.45
05/05/2021,7.07,6.45
06/05/2021,7.07,6.45
11/05/2021,7.07,6.45
18/05/2021,7.17,6.55
19/05/2021,7.72,7.22
24/05/2021,7.72,7.23
25/05/2021,7.72,7.23
28/05/2021,7.72,7.23
31/05/2021,7.72,7.23
04/06/2021,7.72,7.23
07/06/2021,7.72,7.23
09/06/2021,7.72,7.23
22/06/2021,7.72,7.23
23/06/2021,7.72,7.23
24/06/2021,7.72,7.23
25/06/2021,7.74,7.25
05/07/2021,7.74,7.25
08/07/2021,7.74,7.25
12/07/2021,7.74,7.25
16/07/2021,7.74,7.25
26/07/2021,7.74,7.25
02/08/2021,7.74,7.28
10/08/2021,7.74,7.28
19/08/2021,7.74,7.28
20/08/2021,7.74,7.28
23/08/2021,7.74,7.28
24/08/2021,7.74,7.28
26/08/2021,7.74,7.28
31/08/2021,7.74,7.28
06/09/2021,7.74,7.28
08/09/2021,7.74,7.28
09/09/2021,7.74,7.28
13/09/2021,7.76,7.3
20/09/2021,7.76,7.3
21/09/2021,7.76,7.3
27/09/2021,7.76,7.3
28/09/2021,7.76,7.3
29/09/2021,7.76,7.3
05/10/2021,7.76,7.3
06/10/2021,7.76,7.3
07/10/2021,7.76,7.53
15/10/2021,7.92,7.96
18/10/2021,7.92,8.19
19/10/2021,7.92,8.19
25/10/2021,8.37,8.19
26/10/2021,8.65,8.19
27/10/2021,8.4,8.19
28/10/2021,8.41,8.19
10/11/2021,8.09,8.19
11/11/2021,8.13,8.22
15/11/2021,8.13,8.22
18/11/2021,8.13,8.22
19/11/2021,8.65,8.72
23/11/2021,8.65,8.72
24/11/2021,9.67,9.78
25/11/2021,9.67,9.78
26/11/2021,9.67,9.78
29/11/2021,9.67,9.78
30/11/2021,9.67,9.34
01/12/2021,9.09,9.34
02/12/2021,9.55,9.36
06/12/2021,9.55,9.36
07/12/2021,9.55,10.02
08/12/2021,10.32,10.33
09/12/2021,10.33,10.34
16/12/2021,10.89,10.34
17/12/2021,11.6,11.49
20/12/2021,11.6,11.49
22/12/2021,11.6,11.49
23/12/2021,11.61,11.51
24/12/2021,11.61,11.46
30/12/2021,12.29,11.46
31/12/2021,12.91,12.76
04/01/2022,12.93,12.78
06/01/2022,12.93,12.78
07/01/2022,13.56,13.72
11/01/2022,13.58,13.76
13/01/2022,13.58,13.76
18/01/2022,13.58,14.28
19/01/2022,14.04,14.28
20/01/2022,14.04,14.28
24/01/2022,14.06,14.3
01/02/2022,14.45,14.62
02/02/2022,14.48,14.65
03/02/2022,14.46,14.63
04/02/2022,14.46,14.63
07/02/2022,14.46,15.43
08/02/2022,15.17,15.43
09/02/2022,15.19,15.43
10/02/2022,15.19,15.45
18/02/2022,15.14,15.49
25/02/2022,16.77,17.01
28/02/2022,16.55,16.07
01/03/2022,16.55,16.08
02/03/2022,17.43,17.6
03/03/2022,17.98,18.94
04/03/2022,18.68,19.79
07/03/2022,19.26,21.23
08/03/2022,20.35,22.84
09/03/2022,20.35,22.84
10/03/2022,20.35,22.84
11/03/2022,20.39,22.9
14/03/2022,20.39,20.53
15/03/2022,18.71,19.7
16/03/2022,18.1,18.71
17/03/2022,18.1,18.71
18/03/2022,18.1,20.67
22/03/2022,19.78,22.27
24/03/2022,19.8,23.66
29/03/2022,19.8,22.12
30/03/2022,19.8,21.24
31/03/2022,19.8,21.24
01/04/2022,19,21.27
07/04/2022,19,21.27
08/04/2022,19,21.27
11/04/2022,19,20.23
13/04/2022,19,20.26
14/04/2022,19,20.26
15/04/2022,19,22.05
19/04/2022,19,22.05
21/04/2022,19,22.06
29/04/2022,20.33,22.07
05/05/2022,20.33,22.08
10/05/2022,21.12,22.08
13/05/2022,21.12,22.08
16/05/2022,22.82,22.08
17/05/2022,22.82,22.08
18/05/2022,23.86,22.08
20/05/2022,22.86,22.08
23/05/2022,22.86,22.08
26/05/2022,24.31,23.48
27/05/2022,25.01,24.45
31/05/2022,25.01,24.45
01/06/2022,26.23,25.94
03/06/2022,26.23,25.94
07/06/2022,26.23,27.89
08/06/2022,26.23,27.89
09/06/2022,26.23,27.89
10/06/2022,28.44,27.89
13/06/2022,28.46,27.9
14/06/2022,27.51,27.9
15/06/2022,27.51,29.19
16/06/2022,27.51,29.99
20/06/2022,27.51,29.99
22/06/2022,27.26,29.99
28/06/2022,27.3,27.51
29/06/2022,27.3,26.69
01/07/2022,25.2,26.69
06/07/2022,25.2,26.69
07/07/2022,25.2,24.61
08/07/2022,25.2,25.42
13/07/2022,23.66,25.42
14/07/2022,23.66,25.42
18/07/2022,22.72,25.43
20/07/2022,22.72,25.43
25/07/2022,22.72,24.53
26/07/2022,22.25,24.53
29/07/2022,22.27,24.55
01/08/2022,22.27,24.55
02/08/2022,22.25,24.53
05/08/2022,20.03,23.39
08/08/2022,20.03,23.39
09/08/2022,20.04,22.41
10/08/2022,20.05,23.23
12/08/2022,21.16,23.23
15/08/2022,21.16,23.23
17/08/2022,20.33,24
19/08/2022,20.33,25.08
22/08/2022,21.15,25.08
23/08/2022,21.15,25.08
24/08/2022,21.15,26.03
25/08/2022,21.17,26.9
29/08/2022,20.13,26.9
01/09/2022,20.13,26.92
02/09/2022,18.66,24.52
05/09/2022,19.23,25.22
06/09/2022,19.23,25.99
07/09/2022,19.23,24.86
08/09/2022,19.23,24.86
13/09/2022,19.23,24.86
14/09/2022,19.23,24.86
15/09/2022,19.23,24.86
16/09/2022,19.23,24.86
19/09/2022,19.23,23.12
21/09/2022,19.23,23.12
27/09/2022,19.24,23.12
29/09/2022,19.24,23.12
03/10/2022,19.24,23.12
04/10/2022,19.86,24.22
05/10/2022,20.6,25.61
06/10/2022,20.6,27.15
07/10/2022,20.6,27.15
10/10/2022,20.6,28.53
11/10/2022,20.6,28.53
12/10/2022,20.6,26.41
13/10/2022,20.6,26.41
14/10/2022,20.62,27.42
19/10/2022,20.62,27.42
21/10/2022,20.63,26.37
25/10/2022,20.64,26.38
26/10/2022,20.65,26.38
31/10/2022,21.37,26.38
01/11/2022,21.37,26.38
02/11/2022,21.37,26.38
03/11/2022,22.68,26.38
07/11/2022,22.68,26.38
09/11/2022,22.68,26.38
11/11/2022,22.68,26.38
14/11/2022,22.68,24.84
16/11/2022,21.93,24.84
18/11/2022,21.19,24.84
21/11/2022,21.19,24.84
22/11/2022,20.07,24.84
23/11/2022,20.62,23.89
24/11/2022,20.16,23.89
28/11/2022,20.17,23.08
29/11/2022,20.17,22.5
01/12/2022,20.18,22.5
02/12/2022,20.19,23.66
05/12/2022,20.19,22.97
07/12/2022,18.14,21.1
08/12/2022,18.14,21.1
09/12/2022,17.42,21.1
12/12/2022,17.43,21.1
15/12/2022,18.51,21.1
16/12/2022,18.51,22.8
19/12/2022,17.92,22.03
21/12/2022,17.96,22.07
22/12/2022,18.62,22.07
23/12/2022,18.62,22.07
26/12/2022,18.62,22.07
30/12/2022,19.46,22.07
31/12/2022,19.47,22.08
02/01/2023,19.51,22.11
03/01/2023,19.5,22.11
04/01/2023,19.51,22.12
05/01/2023,19.51,22.12
09/01/2023,19.51,22.12
10/01/2023,18.89,22.12
11/01/2023,18.9,22.12
12/01/2023,19.69,22.12
13/01/2023,19.69,22.12
16/01/2023,20.36,22.12
17/01/2023,20.36,23.17
18/01/2023,20.41,23.2
19/01/2023,20.41,23.2
20/01/2023,20.41,23.2
23/01/2023,20.45,23.24
24/01/2023,21.71,23.24
25/01/2023,21.71,24.08
26/01/2023,21.1,23.47
27/01/2023,21.14,23.5
31/01/2023,21.14,23.5
01/02/2023,21.14,22.5
02/02/2023,21.14,21.87
03/02/2023,21.14,21.2
06/02/2023,21.14,21.2
07/02/2023,19.83,20.07
08/02/2023,19.83,20.07
10/02/2023,19.83,20.07
13/02/2023,20.92,21.28
15/02/2023,20.94,21.29
21/02/2023,20.94,21.29
22/02/2023,20.48,21.29
23/02/2023,20.46,20.68
24/02/2023,20.46,20.68
28/02/2023,20.48,20.68
01/03/2023,20.48,20.68
03/03/2023,20.48,21.59
07/03/2023,20.5,21.62
09/03/2023,20.5,21.62
10/03/2023,20.5,21.63
13/03/2023,20.5,21.63
14/03/2023,20.52,20.96
15/03/2023,20.52,20.96
16/03/2023,20.54,19.66
20/03/2023,20.56,20.5
21/03/2023,20.56,20.5
22/03/2023,20.58,20.53
23/03/2023,20.6,20.56
27/03/2023,21.4,20.54
29/03/2023,21.36,20.48
30/03/2023,21.32,20.42
03/04/2023,21.32,20.42
04/04/2023,22.44,20.42
10/04/2023,22.44,21.1
13/04/2023,22.46,21.12
14/04/2023,22.46,21.14
19/04/2023,22.46,21.14
20/04/2023,21.25,20.23
24/04/2023,21.25,19.76
28/04/2023,20.37,19.76
02/05/2023,20.41,19.75
03/05/2023,20.41,18.46
04/05/2023,20.41,17.97
05/05/2023,19.39,17.97
08/05/2023,19.81,18.63
18/05/2023,19.81,19.39
22/05/2023,20.57,19.39
24/05/2023,20.57,19.39
25/05/2023,20.57,19.39
29/05/2023,21.23,19.4
30/05/2023,21.23,19.4
31/05/2023,21.26,19.42
01/06/2023,21.26,19.42
02/06/2023,21.28,19.43
05/06/2023,21.29,19.43
06/06/2023,21.29,20.79
07/06/2023,21.29,20.79
08/06/2023,23.99,22.16
09/06/2023,24.02,22.21
16/06/2023,24.04,22.23
19/06/2023,24.04,23.87
20/06/2023,24.04,23.87
23/06/2023,24.06,23.9
26/06/2023,24.06,23.9
27/06/2023,24.08,23.92
03/07/2023,26.19,23.96
05/07/2023,26.19,24.86
07/07/2023,26.25,24.87
09/07/2023,26.65,25.25
11/07/2023,26.7,26.37
12/07/2023,26.7,26.37
14/07/2023,28.05,26.37
15/07/2023,34.05,32.37
18/07/2023,34.05,32.37
20/07/2023,34.05,33.92
21/07/2023,34.05,33.92
24/07/2023,36.05,33.92
25/07/2023,36.05,33.92
27/07/2023,36.05,35.35
28/07/2023,36.09,35.4
31/07/2023,36.09,36.47
01/08/2023,36.09,36.51
02/08/2023,36.09,36.51
03/08/2023,36.13,36.51
04/08/2023,36.13,36.55
10/08/2023,36.13,38.35
11/08/2023,36.16,38.38
15/08/2023,37.71,38.38
17/08/2023,37.71,36.87
18/08/2023,37.74,36.9
21/08/2023,37.74,37.9
25/08/2023,37.78,37.93
31/08/2023,36.79,37.93
01/09/2023,36.83,37.96
06/09/2023,36.83,37.96
08/09/2023,36.87,38
12/09/2023,36.87,40.03
13/09/2023,38.51,40.03
14/09/2023,38.55,40.07
15/09/2023,38.55,40.07
21/09/2023,38.6,40.12
26/09/2023,36.66,40.12
28/09/2023,36.71,40.17
02/10/2023,36.71,40.17
04/10/2023,34.64,40.17
05/10/2023,33.5,40.24
06/10/2023,33.58,37.34
10/10/2023,33.58,37.39
12/10/2023,33.64,37.39
16/10/2023,33.64,39.62
18/10/2023,33.71,39.62
19/10/2023,33.71,39.62
20/10/2023,35.15,39.62
25/10/2023,35.08,39.62
26/10/2023,35.08,39.62
30/10/2023,35.08,38.06
31/10/2023,34.43,38.06
01/11/2023,34.52,38.05
07/11/2023,34.52,38.06
08/11/2023,34.52,38.06
09/11/2023,34.55,38.06
13/11/2023,34.55,36.43
15/11/2023,34.55,37.56
17/11/2023,34.55,37.61